{
    "counter": {
        "ACTIVE": 4579,
        "INACTIVE": 7261,
        "INVALID": 1,
        "MALICIOUS": 0,
        "SANE": 0,
        "VALID": 0,
        "total": 11841
    },
    "percentage": {
        "ACTIVE": 38.670720378346424,
        "INACTIVE": 61.34155613753485,
        "INVALID": 0.08576329331046312,
        "MALICIOUS": 0,
        "SANE": 0,
        "VALID": 0,
        "total": 100.09803980919173
    }
}