{
    "counter": {
        "ACTIVE": 369,
        "INACTIVE": 888,
        "INVALID": 1,
        "MALICIOUS": 0,
        "SANE": 0,
        "VALID": 0,
        "total": 1258
    },
    "percentage": {
        "ACTIVE": 29.33227344992051,
        "INACTIVE": 70.70063694267516,
        "INVALID": 0.08576329331046312,
        "MALICIOUS": 0,
        "SANE": 0,
        "VALID": 0,
        "total": 100.11867368590613
    }
}