{
    "counter": {
        "ACTIVE": 9087,
        "INACTIVE": 17134,
        "INVALID": 1,
        "MALICIOUS": 0,
        "SANE": 0,
        "VALID": 0,
        "total": 26222
    },
    "percentage": {
        "ACTIVE": 34.654107238196936,
        "INACTIVE": 65.38197359383348,
        "INVALID": 0.08576329331046312,
        "MALICIOUS": 0,
        "SANE": 0,
        "VALID": 0,
        "total": 100.12184412534089
    }
}