{
    "counter": {
        "ACTIVE": 3759,
        "INACTIVE": 6593,
        "INVALID": 1,
        "MALICIOUS": 0,
        "SANE": 0,
        "VALID": 0,
        "total": 10353
    },
    "percentage": {
        "ACTIVE": 36.308316430020284,
        "INACTIVE": 63.688176197836164,
        "INVALID": 0.08576329331046312,
        "MALICIOUS": 0,
        "SANE": 0,
        "VALID": 0,
        "total": 100.0822559211669
    }
}