{
    "counter": {
        "ACTIVE": 6848,
        "INACTIVE": 11808,
        "INVALID": 1,
        "MALICIOUS": 0,
        "SANE": 0,
        "VALID": 0,
        "total": 18657
    },
    "percentage": {
        "ACTIVE": 36.70472208822426,
        "INACTIVE": 63.2967032967033,
        "INVALID": 0.08576329331046312,
        "MALICIOUS": 0,
        "SANE": 0,
        "VALID": 0,
        "total": 100.08718867823802
    }
}