{
    "counter": {
        "ACTIVE": 910,
        "INACTIVE": 2940,
        "INVALID": 1,
        "MALICIOUS": 0,
        "SANE": 0,
        "VALID": 0,
        "total": 3851
    },
    "percentage": {
        "ACTIVE": 23.64864864864865,
        "INACTIVE": 76.34380680342768,
        "INVALID": 0.08576329331046312,
        "MALICIOUS": 0,
        "SANE": 0,
        "VALID": 0,
        "total": 100.07821874538679
    }
}