{
    "counter": {
        "ACTIVE": 604,
        "INACTIVE": 1419,
        "INVALID": 1,
        "MALICIOUS": 0,
        "SANE": 0,
        "VALID": 0,
        "total": 2024
    },
    "percentage": {
        "ACTIVE": 30.39758429793659,
        "INACTIVE": 70.1086956521739,
        "INVALID": 0.08576329331046312,
        "MALICIOUS": 0,
        "SANE": 0,
        "VALID": 0,
        "total": 100.59204324342096
    }
}