{
    "counter": {
        "ACTIVE": 7710,
        "INACTIVE": 15010,
        "INVALID": 1,
        "MALICIOUS": 0,
        "SANE": 0,
        "VALID": 0,
        "total": 22721
    },
    "percentage": {
        "ACTIVE": 33.961765483217334,
        "INACTIVE": 66.06223317635667,
        "INVALID": 0.08576329331046312,
        "MALICIOUS": 0,
        "SANE": 0,
        "VALID": 0,
        "total": 100.10976195288447
    }
}