{
    "counter": {
        "ACTIVE": 8095,
        "INACTIVE": 15728,
        "INVALID": 1,
        "MALICIOUS": 0,
        "SANE": 0,
        "VALID": 0,
        "total": 23824
    },
    "percentage": {
        "ACTIVE": 33.98119385442028,
        "INACTIVE": 66.01746138347885,
        "INVALID": 0.08576329331046312,
        "MALICIOUS": 0,
        "SANE": 0,
        "VALID": 0,
        "total": 100.0844185312096
    }
}