{
    "counter": {
        "ACTIVE": 7311,
        "INACTIVE": 13362,
        "INVALID": 1,
        "MALICIOUS": 0,
        "SANE": 0,
        "VALID": 0,
        "total": 20674
    },
    "percentage": {
        "ACTIVE": 35.36325819870368,
        "INACTIVE": 64.63503120011609,
        "INVALID": 0.08576329331046312,
        "MALICIOUS": 0,
        "SANE": 0,
        "VALID": 0,
        "total": 100.08405269213023
    }
}