{
    "counter": {
        "ACTIVE": 1444,
        "INACTIVE": 3881,
        "INVALID": 1,
        "MALICIOUS": 0,
        "SANE": 0,
        "VALID": 0,
        "total": 5326
    },
    "percentage": {
        "ACTIVE": 27.153065062053404,
        "INACTIVE": 72.86894479909876,
        "INVALID": 0.08576329331046312,
        "MALICIOUS": 0,
        "SANE": 0,
        "VALID": 0,
        "total": 100.10777315446262
    }
}