{
    "counter": {
        "ACTIVE": 5205,
        "INACTIVE": 7860,
        "INVALID": 1,
        "MALICIOUS": 0,
        "SANE": 0,
        "VALID": 0,
        "total": 13066
    },
    "percentage": {
        "ACTIVE": 39.83926521239954,
        "INACTIVE": 60.156130414817085,
        "INVALID": 0.08576329331046312,
        "MALICIOUS": 0,
        "SANE": 0,
        "VALID": 0,
        "total": 100.08115892052709
    }
}