{
    "counter": {
        "ACTIVE": 6545,
        "INACTIVE": 10867,
        "INVALID": 1,
        "MALICIOUS": 0,
        "SANE": 0,
        "VALID": 0,
        "total": 17413
    },
    "percentage": {
        "ACTIVE": 37.634408602150536,
        "INACTIVE": 62.407396772526276,
        "INVALID": 0.08576329331046312,
        "MALICIOUS": 0,
        "SANE": 0,
        "VALID": 0,
        "total": 100.12756866798728
    }
}