{
    "counter": {
        "ACTIVE": 7641,
        "INACTIVE": 14772,
        "INVALID": 1,
        "MALICIOUS": 0,
        "SANE": 0,
        "VALID": 0,
        "total": 22414
    },
    "percentage": {
        "ACTIVE": 34.09030070491657,
        "INACTIVE": 65.91111904336962,
        "INVALID": 0.08576329331046312,
        "MALICIOUS": 0,
        "SANE": 0,
        "VALID": 0,
        "total": 100.08718304159666
    }
}