{
    "counter": {
        "ACTIVE": 6163,
        "INACTIVE": 9162,
        "INVALID": 1,
        "MALICIOUS": 0,
        "SANE": 0,
        "VALID": 0,
        "total": 15326
    },
    "percentage": {
        "ACTIVE": 40.21271042672583,
        "INACTIVE": 59.784665579119086,
        "INVALID": 0.08576329331046312,
        "MALICIOUS": 0,
        "SANE": 0,
        "VALID": 0,
        "total": 100.08313929915538
    }
}