{
    "counter": {
        "ACTIVE": 6282,
        "INACTIVE": 9331,
        "INVALID": 1,
        "MALICIOUS": 0,
        "SANE": 0,
        "VALID": 0,
        "total": 15614
    },
    "percentage": {
        "ACTIVE": 40.233124119380044,
        "INACTIVE": 59.768127081732004,
        "INVALID": 0.08576329331046312,
        "MALICIOUS": 0,
        "SANE": 0,
        "VALID": 0,
        "total": 100.0870144944225
    }
}