{
    "counter": {
        "ACTIVE": 5416,
        "INACTIVE": 8020,
        "INVALID": 1,
        "MALICIOUS": 0,
        "SANE": 0,
        "VALID": 0,
        "total": 13437
    },
    "percentage": {
        "ACTIVE": 40.3096159571301,
        "INACTIVE": 59.68594180248567,
        "INVALID": 0.08576329331046312,
        "MALICIOUS": 0,
        "SANE": 0,
        "VALID": 0,
        "total": 100.08132105292623
    }
}