{
    "counter": {
        "ACTIVE": 1669,
        "INACTIVE": 4269,
        "INVALID": 1,
        "MALICIOUS": 0,
        "SANE": 0,
        "VALID": 0,
        "total": 5939
    },
    "percentage": {
        "ACTIVE": 28.121314237573714,
        "INACTIVE": 71.88078801144974,
        "INVALID": 0.08576329331046312,
        "MALICIOUS": 0,
        "SANE": 0,
        "VALID": 0,
        "total": 100.08786554233392
    }
}