{
    "counter": {
        "ACTIVE": 563,
        "INACTIVE": 1207,
        "INVALID": 1,
        "MALICIOUS": 0,
        "SANE": 0,
        "VALID": 0,
        "total": 1771
    },
    "percentage": {
        "ACTIVE": 31.807909604519775,
        "INACTIVE": 68.15358554488989,
        "INVALID": 0.08576329331046312,
        "MALICIOUS": 0,
        "SANE": 0,
        "VALID": 0,
        "total": 100.04725844272014
    }
}