{
    "counter": {
        "ACTIVE": 1494,
        "INACTIVE": 3960,
        "INVALID": 1,
        "MALICIOUS": 0,
        "SANE": 0,
        "VALID": 0,
        "total": 5455
    },
    "percentage": {
        "ACTIVE": 27.392739273927393,
        "INACTIVE": 72.59395050412466,
        "INVALID": 0.08576329331046312,
        "MALICIOUS": 0,
        "SANE": 0,
        "VALID": 0,
        "total": 100.07245307136252
    }
}