{
    "counter": {
        "ACTIVE": 7176,
        "INACTIVE": 12500,
        "INVALID": 1,
        "MALICIOUS": 0,
        "SANE": 0,
        "VALID": 0,
        "total": 19677
    },
    "percentage": {
        "ACTIVE": 36.47082740394389,
        "INACTIVE": 63.525943995527776,
        "INVALID": 0.08576329331046312,
        "MALICIOUS": 0,
        "SANE": 0,
        "VALID": 0,
        "total": 100.08253469278213
    }
}