{
    "counter": {
        "ACTIVE": 1942,
        "INACTIVE": 4658,
        "INVALID": 1,
        "MALICIOUS": 0,
        "SANE": 0,
        "VALID": 0,
        "total": 6601
    },
    "percentage": {
        "ACTIVE": 29.424242424242426,
        "INACTIVE": 70.5650658991062,
        "INVALID": 0.08576329331046312,
        "MALICIOUS": 0,
        "SANE": 0,
        "VALID": 0,
        "total": 100.07507161665909
    }
}