{
    "counter": {
        "ACTIVE": 2026,
        "INACTIVE": 4723,
        "INVALID": 1,
        "MALICIOUS": 0,
        "SANE": 0,
        "VALID": 0,
        "total": 6750
    },
    "percentage": {
        "ACTIVE": 30.019262112905615,
        "INACTIVE": 69.97037037037038,
        "INVALID": 0.08576329331046312,
        "MALICIOUS": 0,
        "SANE": 0,
        "VALID": 0,
        "total": 100.07539577658645
    }
}