{
    "counter": {
        "ACTIVE": 4814,
        "INACTIVE": 7496,
        "INVALID": 1,
        "MALICIOUS": 0,
        "SANE": 0,
        "VALID": 0,
        "total": 12311
    },
    "percentage": {
        "ACTIVE": 39.11595027220281,
        "INACTIVE": 60.88863617902689,
        "INVALID": 0.08576329331046312,
        "MALICIOUS": 0,
        "SANE": 0,
        "VALID": 0,
        "total": 100.09034974454016
    }
}