{
    "counter": {
        "ACTIVE": 8192,
        "INACTIVE": 16023,
        "INVALID": 1,
        "MALICIOUS": 0,
        "SANE": 0,
        "VALID": 0,
        "total": 24216
    },
    "percentage": {
        "ACTIVE": 33.84984091566464,
        "INACTIVE": 66.16699702675916,
        "INVALID": 0.08576329331046312,
        "MALICIOUS": 0,
        "SANE": 0,
        "VALID": 0,
        "total": 100.10260123573427
    }
}