{
    "counter": {
        "ACTIVE": 1875,
        "INACTIVE": 4556,
        "INVALID": 1,
        "MALICIOUS": 0,
        "SANE": 0,
        "VALID": 0,
        "total": 6432
    },
    "percentage": {
        "ACTIVE": 29.155652309127664,
        "INACTIVE": 70.83333333333333,
        "INVALID": 0.08576329331046312,
        "MALICIOUS": 0,
        "SANE": 0,
        "VALID": 0,
        "total": 100.07474893577145
    }
}