{
    "counter": {
        "ACTIVE": 6245,
        "INACTIVE": 9272,
        "INVALID": 1,
        "MALICIOUS": 0,
        "SANE": 0,
        "VALID": 0,
        "total": 15518
    },
    "percentage": {
        "ACTIVE": 40.243588091248874,
        "INACTIVE": 59.75381839273055,
        "INVALID": 0.08576329331046312,
        "MALICIOUS": 0,
        "SANE": 0,
        "VALID": 0,
        "total": 100.0831697772899
    }
}