{
    "counter": {
        "ACTIVE": 3502,
        "INACTIVE": 6375,
        "INVALID": 1,
        "MALICIOUS": 0,
        "SANE": 0,
        "VALID": 0,
        "total": 9878
    },
    "percentage": {
        "ACTIVE": 35.45252075318891,
        "INACTIVE": 64.55042527339003,
        "INVALID": 0.08576329331046312,
        "MALICIOUS": 0,
        "SANE": 0,
        "VALID": 0,
        "total": 100.0887093198894
    }
}