{
    "counter": {
        "ACTIVE": 1084,
        "INACTIVE": 3348,
        "INVALID": 1,
        "MALICIOUS": 0,
        "SANE": 0,
        "VALID": 0,
        "total": 4433
    },
    "percentage": {
        "ACTIVE": 24.469525959367946,
        "INACTIVE": 75.52447552447552,
        "INVALID": 0.08576329331046312,
        "MALICIOUS": 0,
        "SANE": 0,
        "VALID": 0,
        "total": 100.07976477715393
    }
}