{
    "counter": {
        "ACTIVE": 96,
        "INACTIVE": 184,
        "INVALID": 0,
        "MALICIOUS": 0,
        "SANE": 0,
        "VALID": 0,
        "total": 280
    },
    "percentage": {
        "ACTIVE": 34.40860215053763,
        "INACTIVE": 65.71428571428571,
        "INVALID": 0,
        "MALICIOUS": 0,
        "SANE": 0,
        "VALID": 0,
        "total": 100.12288786482334
    }
}