{
    "counter": {
        "ACTIVE": 5193,
        "INACTIVE": 7846,
        "INVALID": 1,
        "MALICIOUS": 0,
        "SANE": 0,
        "VALID": 0,
        "total": 13040
    },
    "percentage": {
        "ACTIVE": 39.82667382467981,
        "INACTIVE": 60.168711656441715,
        "INVALID": 0.08576329331046312,
        "MALICIOUS": 0,
        "SANE": 0,
        "VALID": 0,
        "total": 100.081148774432
    }
}