{
    "counter": {
        "ACTIVE": 1056,
        "INACTIVE": 3258,
        "INVALID": 1,
        "MALICIOUS": 0,
        "SANE": 0,
        "VALID": 0,
        "total": 4315
    },
    "percentage": {
        "ACTIVE": 24.489795918367346,
        "INACTIVE": 75.50405561993047,
        "INVALID": 0.08576329331046312,
        "MALICIOUS": 0,
        "SANE": 0,
        "VALID": 0,
        "total": 100.07961483160828
    }
}