{
    "counter": {
        "ACTIVE": 6241,
        "INACTIVE": 9251,
        "INVALID": 1,
        "MALICIOUS": 0,
        "SANE": 0,
        "VALID": 0,
        "total": 15493
    },
    "percentage": {
        "ACTIVE": 40.2853085463465,
        "INACTIVE": 59.710837152262314,
        "INVALID": 0.08576329331046312,
        "MALICIOUS": 0,
        "SANE": 0,
        "VALID": 0,
        "total": 100.08190899191928
    }
}