{
    "counter": {
        "ACTIVE": 1621,
        "INACTIVE": 4177,
        "INVALID": 1,
        "MALICIOUS": 0,
        "SANE": 0,
        "VALID": 0,
        "total": 5799
    },
    "percentage": {
        "ACTIVE": 27.957916522938945,
        "INACTIVE": 72.02966028625625,
        "INVALID": 0.08576329331046312,
        "MALICIOUS": 0,
        "SANE": 0,
        "VALID": 0,
        "total": 100.07334010250565
    }
}