{
    "counter": {
        "ACTIVE": 1145,
        "INACTIVE": 3421,
        "INVALID": 1,
        "MALICIOUS": 0,
        "SANE": 0,
        "VALID": 0,
        "total": 4567
    },
    "percentage": {
        "ACTIVE": 25.071162688854827,
        "INACTIVE": 74.95617879053462,
        "INVALID": 0.08576329331046312,
        "MALICIOUS": 0,
        "SANE": 0,
        "VALID": 0,
        "total": 100.11310477269991
    }
}