{
    "counter": {
        "ACTIVE": 6156,
        "INACTIVE": 9140,
        "INVALID": 1,
        "MALICIOUS": 0,
        "SANE": 0,
        "VALID": 0,
        "total": 15297
    },
    "percentage": {
        "ACTIVE": 40.25107885445273,
        "INACTIVE": 59.75027783225469,
        "INVALID": 0.08576329331046312,
        "MALICIOUS": 0,
        "SANE": 0,
        "VALID": 0,
        "total": 100.08711998001789
    }
}