{
    "counter": {
        "ACTIVE": 6505,
        "INACTIVE": 10482,
        "INVALID": 1,
        "MALICIOUS": 0,
        "SANE": 0,
        "VALID": 0,
        "total": 16988
    },
    "percentage": {
        "ACTIVE": 38.393436817564776,
        "INACTIVE": 61.70237814928185,
        "INVALID": 0.08576329331046312,
        "MALICIOUS": 0,
        "SANE": 0,
        "VALID": 0,
        "total": 100.1815782601571
    }
}