{
    "counter": {
        "ACTIVE": 6059,
        "INACTIVE": 9024,
        "INVALID": 1,
        "MALICIOUS": 0,
        "SANE": 0,
        "VALID": 0,
        "total": 15084
    },
    "percentage": {
        "ACTIVE": 40.176380876599694,
        "INACTIVE": 59.82498011137629,
        "INVALID": 0.08576329331046312,
        "MALICIOUS": 0,
        "SANE": 0,
        "VALID": 0,
        "total": 100.08712428128645
    }
}