{
    "counter": {
        "ACTIVE": 3021,
        "INACTIVE": 5804,
        "INVALID": 1,
        "MALICIOUS": 0,
        "SANE": 0,
        "VALID": 0,
        "total": 8826
    },
    "percentage": {
        "ACTIVE": 34.240054403264196,
        "INACTIVE": 65.7602537956039,
        "INVALID": 0.08576329331046312,
        "MALICIOUS": 0,
        "SANE": 0,
        "VALID": 0,
        "total": 100.08607149217856
    }
}