{
    "counter": {
        "ACTIVE": 2622,
        "INACTIVE": 5351,
        "INVALID": 1,
        "MALICIOUS": 0,
        "SANE": 0,
        "VALID": 0,
        "total": 7974
    },
    "percentage": {
        "ACTIVE": 32.91488827516947,
        "INACTIVE": 67.10559317782794,
        "INVALID": 0.08576329331046312,
        "MALICIOUS": 0,
        "SANE": 0,
        "VALID": 0,
        "total": 100.10624474630788
    }
}