{
    "counter": {
        "ACTIVE": 4304,
        "INACTIVE": 7028,
        "INVALID": 1,
        "MALICIOUS": 0,
        "SANE": 0,
        "VALID": 0,
        "total": 11333
    },
    "percentage": {
        "ACTIVE": 37.97758757610518,
        "INACTIVE": 62.019061066007765,
        "INVALID": 0.08576329331046312,
        "MALICIOUS": 0,
        "SANE": 0,
        "VALID": 0,
        "total": 100.08241193542341
    }
}