{
    "counter": {
        "ACTIVE": 4959,
        "INACTIVE": 7634,
        "INVALID": 1,
        "MALICIOUS": 0,
        "SANE": 0,
        "VALID": 0,
        "total": 12594
    },
    "percentage": {
        "ACTIVE": 39.37902009052648,
        "INACTIVE": 60.616166428457994,
        "INVALID": 0.08576329331046312,
        "MALICIOUS": 0,
        "SANE": 0,
        "VALID": 0,
        "total": 100.08094981229493
    }
}