{
    "counter": {
        "ACTIVE": 7263,
        "INACTIVE": 12944,
        "INVALID": 1,
        "MALICIOUS": 0,
        "SANE": 0,
        "VALID": 0,
        "total": 20208
    },
    "percentage": {
        "ACTIVE": 35.94121140142518,
        "INACTIVE": 64.05700994704806,
        "INVALID": 0.08576329331046312,
        "MALICIOUS": 0,
        "SANE": 0,
        "VALID": 0,
        "total": 100.0839846417837
    }
}