{
    "counter": {
        "ACTIVE": 6464,
        "INACTIVE": 10083,
        "INVALID": 1,
        "MALICIOUS": 0,
        "SANE": 0,
        "VALID": 0,
        "total": 16548
    },
    "percentage": {
        "ACTIVE": 39.071566731141196,
        "INACTIVE": 60.93183466279913,
        "INVALID": 0.08576329331046312,
        "MALICIOUS": 0,
        "SANE": 0,
        "VALID": 0,
        "total": 100.08916468725079
    }
}