{
    "counter": {
        "ACTIVE": 6442,
        "INACTIVE": 9968,
        "INVALID": 1,
        "MALICIOUS": 0,
        "SANE": 0,
        "VALID": 0,
        "total": 16411
    },
    "percentage": {
        "ACTIVE": 39.26612215043277,
        "INACTIVE": 60.73974773018097,
        "INVALID": 0.08576329331046312,
        "MALICIOUS": 0,
        "SANE": 0,
        "VALID": 0,
        "total": 100.09163317392421
    }
}