{
    "counter": {
        "ACTIVE": 971,
        "INACTIVE": 3035,
        "INVALID": 1,
        "MALICIOUS": 0,
        "SANE": 0,
        "VALID": 0,
        "total": 4007
    },
    "percentage": {
        "ACTIVE": 24.244694132334583,
        "INACTIVE": 75.7424507112553,
        "INVALID": 0.08576329331046312,
        "MALICIOUS": 0,
        "SANE": 0,
        "VALID": 0,
        "total": 100.07290813690035
    }
}