{
    "counter": {
        "ACTIVE": 1245,
        "INACTIVE": 3610,
        "INVALID": 1,
        "MALICIOUS": 0,
        "SANE": 0,
        "VALID": 0,
        "total": 4856
    },
    "percentage": {
        "ACTIVE": 25.64366632337796,
        "INACTIVE": 74.34102141680395,
        "INVALID": 0.08576329331046312,
        "MALICIOUS": 0,
        "SANE": 0,
        "VALID": 0,
        "total": 100.07045103349238
    }
}