{
    "counter": {
        "ACTIVE": 692,
        "INACTIVE": 1854,
        "INVALID": 1,
        "MALICIOUS": 0,
        "SANE": 0,
        "VALID": 0,
        "total": 2547
    },
    "percentage": {
        "ACTIVE": 27.169218688653316,
        "INACTIVE": 72.84872298624754,
        "INVALID": 0.08576329331046312,
        "MALICIOUS": 0,
        "SANE": 0,
        "VALID": 0,
        "total": 100.10370496821132
    }
}