{
    "counter": {
        "ACTIVE": 5052,
        "INACTIVE": 7718,
        "INVALID": 1,
        "MALICIOUS": 0,
        "SANE": 0,
        "VALID": 0,
        "total": 12771
    },
    "percentage": {
        "ACTIVE": 39.55837444209537,
        "INACTIVE": 60.46220133176655,
        "INVALID": 0.08576329331046312,
        "MALICIOUS": 0,
        "SANE": 0,
        "VALID": 0,
        "total": 100.10633906717239
    }
}