{
    "counter": {
        "ACTIVE": 5207,
        "INACTIVE": 7860,
        "INVALID": 1,
        "MALICIOUS": 0,
        "SANE": 0,
        "VALID": 0,
        "total": 13068
    },
    "percentage": {
        "ACTIVE": 39.84542393633303,
        "INACTIVE": 60.156130414817085,
        "INVALID": 0.08576329331046312,
        "MALICIOUS": 0,
        "SANE": 0,
        "VALID": 0,
        "total": 100.08731764446057
    }
}