{
    "counter": {
        "ACTIVE": 6475,
        "INACTIVE": 10182,
        "INVALID": 1,
        "MALICIOUS": 0,
        "SANE": 0,
        "VALID": 0,
        "total": 16658
    },
    "percentage": {
        "ACTIVE": 38.87021251050546,
        "INACTIVE": 61.1274539232755,
        "INVALID": 0.08576329331046312,
        "MALICIOUS": 0,
        "SANE": 0,
        "VALID": 0,
        "total": 100.08342972709143
    }
}