{
    "counter": {
        "ACTIVE": 8151,
        "INACTIVE": 15972,
        "INVALID": 1,
        "MALICIOUS": 0,
        "SANE": 0,
        "VALID": 0,
        "total": 24124
    },
    "percentage": {
        "ACTIVE": 33.787929033327806,
        "INACTIVE": 66.2134151397065,
        "INVALID": 0.08576329331046312,
        "MALICIOUS": 0,
        "SANE": 0,
        "VALID": 0,
        "total": 100.08710746634478
    }
}