{
    "counter": {
        "ACTIVE": 8920,
        "INACTIVE": 16944,
        "INVALID": 1,
        "MALICIOUS": 0,
        "SANE": 0,
        "VALID": 0,
        "total": 25865
    },
    "percentage": {
        "ACTIVE": 34.492092339816715,
        "INACTIVE": 65.5093756040982,
        "INVALID": 0.08576329331046312,
        "MALICIOUS": 0,
        "SANE": 0,
        "VALID": 0,
        "total": 100.08723123722538
    }
}