{
    "counter": {
        "ACTIVE": 2848,
        "INACTIVE": 5592,
        "INVALID": 1,
        "MALICIOUS": 0,
        "SANE": 0,
        "VALID": 0,
        "total": 8441
    },
    "percentage": {
        "ACTIVE": 33.748074416400044,
        "INACTIVE": 66.24807487264542,
        "INVALID": 0.08576329331046312,
        "MALICIOUS": 0,
        "SANE": 0,
        "VALID": 0,
        "total": 100.08191258235593
    }
}