{
    "counter": {
        "ACTIVE": 153,
        "INACTIVE": 494,
        "INVALID": 0,
        "MALICIOUS": 0,
        "SANE": 0,
        "VALID": 0,
        "total": 647
    },
    "percentage": {
        "ACTIVE": 24.558587479935795,
        "INACTIVE": 76.35239567233384,
        "INVALID": 0,
        "MALICIOUS": 0,
        "SANE": 0,
        "VALID": 0,
        "total": 100.91098315226964
    }
}