{
    "counter": {
        "ACTIVE": 695,
        "INACTIVE": 1878,
        "INVALID": 1,
        "MALICIOUS": 0,
        "SANE": 0,
        "VALID": 0,
        "total": 2574
    },
    "percentage": {
        "ACTIVE": 27.06386292834891,
        "INACTIVE": 72.96037296037296,
        "INVALID": 0.08576329331046312,
        "MALICIOUS": 0,
        "SANE": 0,
        "VALID": 0,
        "total": 100.10999918203234
    }
}