{
    "counter": {
        "ACTIVE": 2547,
        "INACTIVE": 5273,
        "INVALID": 1,
        "MALICIOUS": 0,
        "SANE": 0,
        "VALID": 0,
        "total": 7821
    },
    "percentage": {
        "ACTIVE": 32.570332480818415,
        "INACTIVE": 67.42104590205857,
        "INVALID": 0.08576329331046312,
        "MALICIOUS": 0,
        "SANE": 0,
        "VALID": 0,
        "total": 100.07714167618744
    }
}