{
    "counter": {
        "ACTIVE": 6251,
        "INACTIVE": 9289,
        "INVALID": 1,
        "MALICIOUS": 0,
        "SANE": 0,
        "VALID": 0,
        "total": 15541
    },
    "percentage": {
        "ACTIVE": 40.23040288325396,
        "INACTIVE": 59.77092851167878,
        "INVALID": 0.08576329331046312,
        "MALICIOUS": 0,
        "SANE": 0,
        "VALID": 0,
        "total": 100.08709468824321
    }
}