{
    "counter": {
        "ACTIVE": 1718,
        "INACTIVE": 4354,
        "INVALID": 1,
        "MALICIOUS": 0,
        "SANE": 0,
        "VALID": 0,
        "total": 6073
    },
    "percentage": {
        "ACTIVE": 28.30313014827018,
        "INACTIVE": 71.69438498271036,
        "INVALID": 0.08576329331046312,
        "MALICIOUS": 0,
        "SANE": 0,
        "VALID": 0,
        "total": 100.08327842429101
    }
}