{
    "counter": {
        "ACTIVE": 8780,
        "INACTIVE": 16799,
        "INVALID": 1,
        "MALICIOUS": 0,
        "SANE": 0,
        "VALID": 0,
        "total": 25580
    },
    "percentage": {
        "ACTIVE": 34.3236903831118,
        "INACTIVE": 65.67753538196888,
        "INVALID": 0.08576329331046312,
        "MALICIOUS": 0,
        "SANE": 0,
        "VALID": 0,
        "total": 100.08698905839114
    }
}