{
    "counter": {
        "ACTIVE": 1303,
        "INACTIVE": 3688,
        "INVALID": 1,
        "MALICIOUS": 0,
        "SANE": 0,
        "VALID": 0,
        "total": 4992
    },
    "percentage": {
        "ACTIVE": 26.10699258665598,
        "INACTIVE": 73.87820512820512,
        "INVALID": 0.08576329331046312,
        "MALICIOUS": 0,
        "SANE": 0,
        "VALID": 0,
        "total": 100.07096100817157
    }
}