{
    "counter": {
        "ACTIVE": 2256,
        "INACTIVE": 4963,
        "INVALID": 1,
        "MALICIOUS": 0,
        "SANE": 0,
        "VALID": 0,
        "total": 7220
    },
    "percentage": {
        "ACTIVE": 31.246537396121884,
        "INACTIVE": 68.7491342291176,
        "INVALID": 0.08576329331046312,
        "MALICIOUS": 0,
        "SANE": 0,
        "VALID": 0,
        "total": 100.08143491854995
    }
}