{
    "counter": {
        "ACTIVE": 5225,
        "INACTIVE": 7878,
        "INVALID": 1,
        "MALICIOUS": 0,
        "SANE": 0,
        "VALID": 0,
        "total": 13104
    },
    "percentage": {
        "ACTIVE": 39.88549618320611,
        "INACTIVE": 60.11904761904762,
        "INVALID": 0.08576329331046312,
        "MALICIOUS": 0,
        "SANE": 0,
        "VALID": 0,
        "total": 100.09030709556419
    }
}