{
    "counter": {
        "ACTIVE": 7328,
        "INACTIVE": 13510,
        "INVALID": 1,
        "MALICIOUS": 0,
        "SANE": 0,
        "VALID": 0,
        "total": 20839
    },
    "percentage": {
        "ACTIVE": 35.16821039497049,
        "INACTIVE": 64.83036614040981,
        "INVALID": 0.08576329331046312,
        "MALICIOUS": 0,
        "SANE": 0,
        "VALID": 0,
        "total": 100.08433982869076
    }
}