{
    "counter": {
        "ACTIVE": 5643,
        "INACTIVE": 8463,
        "INVALID": 1,
        "MALICIOUS": 0,
        "SANE": 0,
        "VALID": 0,
        "total": 14107
    },
    "percentage": {
        "ACTIVE": 40.001417735875805,
        "INACTIVE": 59.995746490854955,
        "INVALID": 0.08576329331046312,
        "MALICIOUS": 0,
        "SANE": 0,
        "VALID": 0,
        "total": 100.08292752004122
    }
}