{
    "counter": {
        "ACTIVE": 1199,
        "INACTIVE": 3556,
        "INVALID": 1,
        "MALICIOUS": 0,
        "SANE": 0,
        "VALID": 0,
        "total": 4756
    },
    "percentage": {
        "ACTIVE": 25.210260723296887,
        "INACTIVE": 74.80016827934371,
        "INVALID": 0.08576329331046312,
        "MALICIOUS": 0,
        "SANE": 0,
        "VALID": 0,
        "total": 100.09619229595106
    }
}