{
    "counter": {
        "ACTIVE": 4505,
        "INACTIVE": 7192,
        "INVALID": 1,
        "MALICIOUS": 0,
        "SANE": 0,
        "VALID": 0,
        "total": 11698
    },
    "percentage": {
        "ACTIVE": 38.53391497733299,
        "INACTIVE": 61.48059497349974,
        "INVALID": 0.08576329331046312,
        "MALICIOUS": 0,
        "SANE": 0,
        "VALID": 0,
        "total": 100.1002732441432
    }
}