{
    "counter": {
        "ACTIVE": 6789,
        "INACTIVE": 11632,
        "INVALID": 1,
        "MALICIOUS": 0,
        "SANE": 0,
        "VALID": 0,
        "total": 18422
    },
    "percentage": {
        "ACTIVE": 36.852676148083816,
        "INACTIVE": 63.14532327235221,
        "INVALID": 0.08576329331046312,
        "MALICIOUS": 0,
        "SANE": 0,
        "VALID": 0,
        "total": 100.0837627137465
    }
}