{
    "counter": {
        "ACTIVE": 873,
        "INACTIVE": 2797,
        "INVALID": 1,
        "MALICIOUS": 0,
        "SANE": 0,
        "VALID": 0,
        "total": 3671
    },
    "percentage": {
        "ACTIVE": 23.787465940054496,
        "INACTIVE": 76.19177335875783,
        "INVALID": 0.08576329331046312,
        "MALICIOUS": 0,
        "SANE": 0,
        "VALID": 0,
        "total": 100.0650025921228
    }
}