{
    "counter": {
        "ACTIVE": 4801,
        "INACTIVE": 7481,
        "INVALID": 1,
        "MALICIOUS": 0,
        "SANE": 0,
        "VALID": 0,
        "total": 12283
    },
    "percentage": {
        "ACTIVE": 39.08654237564113,
        "INACTIVE": 60.91027519947891,
        "INVALID": 0.08576329331046312,
        "MALICIOUS": 0,
        "SANE": 0,
        "VALID": 0,
        "total": 100.08258086843051
    }
}