{
    "counter": {
        "ACTIVE": 5907,
        "INACTIVE": 8822,
        "INVALID": 1,
        "MALICIOUS": 0,
        "SANE": 0,
        "VALID": 0,
        "total": 14730
    },
    "percentage": {
        "ACTIVE": 40.10183299389002,
        "INACTIVE": 59.89544436146378,
        "INVALID": 0.08576329331046312,
        "MALICIOUS": 0,
        "SANE": 0,
        "VALID": 0,
        "total": 100.08304064866427
    }
}