{
    "counter": {
        "ACTIVE": 4226,
        "INACTIVE": 6972,
        "INVALID": 1,
        "MALICIOUS": 0,
        "SANE": 0,
        "VALID": 0,
        "total": 11199
    },
    "percentage": {
        "ACTIVE": 37.75236733964624,
        "INACTIVE": 62.25555853201179,
        "INVALID": 0.08576329331046312,
        "MALICIOUS": 0,
        "SANE": 0,
        "VALID": 0,
        "total": 100.0936891649685
    }
}