{
    "counter": {
        "ACTIVE": 2361,
        "INACTIVE": 5079,
        "INVALID": 1,
        "MALICIOUS": 0,
        "SANE": 0,
        "VALID": 0,
        "total": 7441
    },
    "percentage": {
        "ACTIVE": 31.75521183591123,
        "INACTIVE": 68.25695471038838,
        "INVALID": 0.08576329331046312,
        "MALICIOUS": 0,
        "SANE": 0,
        "VALID": 0,
        "total": 100.09792983961007
    }
}