{
    "counter": {
        "ACTIVE": 4976,
        "INACTIVE": 7649,
        "INVALID": 1,
        "MALICIOUS": 0,
        "SANE": 0,
        "VALID": 0,
        "total": 12626
    },
    "percentage": {
        "ACTIVE": 39.41386138613861,
        "INACTIVE": 60.58134009187391,
        "INVALID": 0.08576329331046312,
        "MALICIOUS": 0,
        "SANE": 0,
        "VALID": 0,
        "total": 100.08096477132298
    }
}