{
    "counter": {
        "ACTIVE": 3847,
        "INACTIVE": 6687,
        "INVALID": 1,
        "MALICIOUS": 0,
        "SANE": 0,
        "VALID": 0,
        "total": 10535
    },
    "percentage": {
        "ACTIVE": 36.51637399145705,
        "INACTIVE": 63.48015948357699,
        "INVALID": 0.08576329331046312,
        "MALICIOUS": 0,
        "SANE": 0,
        "VALID": 0,
        "total": 100.0822967683445
    }
}