{
    "counter": {
        "ACTIVE": 7183,
        "INACTIVE": 12510,
        "INVALID": 1,
        "MALICIOUS": 0,
        "SANE": 0,
        "VALID": 0,
        "total": 19694
    },
    "percentage": {
        "ACTIVE": 36.4804469273743,
        "INACTIVE": 63.521884838021734,
        "INVALID": 0.08576329331046312,
        "MALICIOUS": 0,
        "SANE": 0,
        "VALID": 0,
        "total": 100.0880950587065
    }
}