{
    "counter": {
        "ACTIVE": 5993,
        "INACTIVE": 8937,
        "INVALID": 1,
        "MALICIOUS": 0,
        "SANE": 0,
        "VALID": 0,
        "total": 14931
    },
    "percentage": {
        "ACTIVE": 40.13796798606925,
        "INACTIVE": 59.863353205171144,
        "INVALID": 0.08576329331046312,
        "MALICIOUS": 0,
        "SANE": 0,
        "VALID": 0,
        "total": 100.08708448455086
    }
}