{
    "counter": {
        "ACTIVE": 841,
        "INACTIVE": 2702,
        "INVALID": 1,
        "MALICIOUS": 0,
        "SANE": 0,
        "VALID": 0,
        "total": 3544
    },
    "percentage": {
        "ACTIVE": 23.736946090883432,
        "INACTIVE": 76.24153498871331,
        "INVALID": 0.08576329331046312,
        "MALICIOUS": 0,
        "SANE": 0,
        "VALID": 0,
        "total": 100.06424437290721
    }
}