{
    "counter": {
        "ACTIVE": 2108,
        "INACTIVE": 4793,
        "INVALID": 1,
        "MALICIOUS": 0,
        "SANE": 0,
        "VALID": 0,
        "total": 6902
    },
    "percentage": {
        "ACTIVE": 30.55072463768116,
        "INACTIVE": 69.44363952477542,
        "INVALID": 0.08576329331046312,
        "MALICIOUS": 0,
        "SANE": 0,
        "VALID": 0,
        "total": 100.08012745576704
    }
}