{
    "counter": {
        "ACTIVE": 2800,
        "INACTIVE": 5530,
        "INVALID": 1,
        "MALICIOUS": 0,
        "SANE": 0,
        "VALID": 0,
        "total": 8331
    },
    "percentage": {
        "ACTIVE": 33.61344537815126,
        "INACTIVE": 66.37858600408114,
        "INVALID": 0.08576329331046312,
        "MALICIOUS": 0,
        "SANE": 0,
        "VALID": 0,
        "total": 100.07779467554286
    }
}