{
    "counter": {
        "ACTIVE": 3083,
        "INACTIVE": 5942,
        "INVALID": 1,
        "MALICIOUS": 0,
        "SANE": 0,
        "VALID": 0,
        "total": 9026
    },
    "percentage": {
        "ACTIVE": 34.1606648199446,
        "INACTIVE": 65.8320407711057,
        "INVALID": 0.08576329331046312,
        "MALICIOUS": 0,
        "SANE": 0,
        "VALID": 0,
        "total": 100.07846888436076
    }
}