{
    "counter": {
        "ACTIVE": 6604,
        "INACTIVE": 11167,
        "INVALID": 1,
        "MALICIOUS": 0,
        "SANE": 0,
        "VALID": 0,
        "total": 17772
    },
    "percentage": {
        "ACTIVE": 37.165850638752886,
        "INACTIVE": 62.83479630880036,
        "INVALID": 0.08576329331046312,
        "MALICIOUS": 0,
        "SANE": 0,
        "VALID": 0,
        "total": 100.0864102408637
    }
}