{
    "counter": {
        "ACTIVE": 5029,
        "INACTIVE": 7695,
        "INVALID": 1,
        "MALICIOUS": 0,
        "SANE": 0,
        "VALID": 0,
        "total": 12725
    },
    "percentage": {
        "ACTIVE": 39.520628683693516,
        "INACTIVE": 60.47626532536938,
        "INVALID": 0.08576329331046312,
        "MALICIOUS": 0,
        "SANE": 0,
        "VALID": 0,
        "total": 100.08265730237336
    }
}