{
    "counter": {
        "ACTIVE": 6471,
        "INACTIVE": 10153,
        "INVALID": 1,
        "MALICIOUS": 0,
        "SANE": 0,
        "VALID": 0,
        "total": 16625
    },
    "percentage": {
        "ACTIVE": 38.92330827067669,
        "INACTIVE": 61.074350336862366,
        "INVALID": 0.08576329331046312,
        "MALICIOUS": 0,
        "SANE": 0,
        "VALID": 0,
        "total": 100.08342190084952
    }
}