{
    "counter": {
        "ACTIVE": 588,
        "INACTIVE": 1290,
        "INVALID": 1,
        "MALICIOUS": 0,
        "SANE": 0,
        "VALID": 0,
        "total": 1879
    },
    "percentage": {
        "ACTIVE": 31.34328358208955,
        "INACTIVE": 68.65353911655136,
        "INVALID": 0.08576329331046312,
        "MALICIOUS": 0,
        "SANE": 0,
        "VALID": 0,
        "total": 100.08258599195138
    }
}