{
    "counter": {
        "ACTIVE": 6945,
        "INACTIVE": 12138,
        "INVALID": 1,
        "MALICIOUS": 0,
        "SANE": 0,
        "VALID": 0,
        "total": 19084
    },
    "percentage": {
        "ACTIVE": 36.39174177321316,
        "INACTIVE": 63.6096845194424,
        "INVALID": 0.08576329331046312,
        "MALICIOUS": 0,
        "SANE": 0,
        "VALID": 0,
        "total": 100.08718958596603
    }
}