{
    "counter": {
        "ACTIVE": 7305,
        "INACTIVE": 13272,
        "INVALID": 1,
        "MALICIOUS": 0,
        "SANE": 0,
        "VALID": 0,
        "total": 20578
    },
    "percentage": {
        "ACTIVE": 35.504252733900366,
        "INACTIVE": 64.49606375741082,
        "INVALID": 0.08576329331046312,
        "MALICIOUS": 0,
        "SANE": 0,
        "VALID": 0,
        "total": 100.08607978462166
    }
}