{
    "counter": {
        "ACTIVE": 1560,
        "INACTIVE": 4017,
        "INVALID": 1,
        "MALICIOUS": 0,
        "SANE": 0,
        "VALID": 0,
        "total": 5578
    },
    "percentage": {
        "ACTIVE": 27.972027972027973,
        "INACTIVE": 72.01505916098961,
        "INVALID": 0.08576329331046312,
        "MALICIOUS": 0,
        "SANE": 0,
        "VALID": 0,
        "total": 100.07285042632805
    }
}