{
    "counter": {
        "ACTIVE": 5069,
        "INACTIVE": 7742,
        "INVALID": 1,
        "MALICIOUS": 0,
        "SANE": 0,
        "VALID": 0,
        "total": 12812
    },
    "percentage": {
        "ACTIVE": 39.573737216019985,
        "INACTIVE": 60.427724008741805,
        "INVALID": 0.08576329331046312,
        "MALICIOUS": 0,
        "SANE": 0,
        "VALID": 0,
        "total": 100.08722451807225
    }
}