{
    "counter": {
        "ACTIVE": 4940,
        "INACTIVE": 7618,
        "INVALID": 1,
        "MALICIOUS": 0,
        "SANE": 0,
        "VALID": 0,
        "total": 12559
    },
    "percentage": {
        "ACTIVE": 39.334341906202724,
        "INACTIVE": 60.66252587991718,
        "INVALID": 0.08576329331046312,
        "MALICIOUS": 0,
        "SANE": 0,
        "VALID": 0,
        "total": 100.08263107943037
    }
}