{
    "counter": {
        "ACTIVE": 6532,
        "INACTIVE": 10692,
        "INVALID": 1,
        "MALICIOUS": 0,
        "SANE": 0,
        "VALID": 0,
        "total": 17225
    },
    "percentage": {
        "ACTIVE": 37.99220613040191,
        "INACTIVE": 62.07256894049347,
        "INVALID": 0.08576329331046312,
        "MALICIOUS": 0,
        "SANE": 0,
        "VALID": 0,
        "total": 100.15053836420584
    }
}