{
    "counter": {
        "ACTIVE": 8034,
        "INACTIVE": 15501,
        "INVALID": 1,
        "MALICIOUS": 0,
        "SANE": 0,
        "VALID": 0,
        "total": 23536
    },
    "percentage": {
        "ACTIVE": 34.15961562991624,
        "INACTIVE": 65.86080897348742,
        "INVALID": 0.08576329331046312,
        "MALICIOUS": 0,
        "SANE": 0,
        "VALID": 0,
        "total": 100.10618789671412
    }
}