{
    "counter": {
        "ACTIVE": 4214,
        "INACTIVE": 6956,
        "INVALID": 1,
        "MALICIOUS": 0,
        "SANE": 0,
        "VALID": 0,
        "total": 11171
    },
    "percentage": {
        "ACTIVE": 37.72605192479857,
        "INACTIVE": 62.2683734670128,
        "INVALID": 0.08576329331046312,
        "MALICIOUS": 0,
        "SANE": 0,
        "VALID": 0,
        "total": 100.08018868512184
    }
}