{
    "counter": {
        "ACTIVE": 470,
        "INACTIVE": 1067,
        "INVALID": 1,
        "MALICIOUS": 0,
        "SANE": 0,
        "VALID": 0,
        "total": 1538
    },
    "percentage": {
        "ACTIVE": 30.618892508143322,
        "INACTIVE": 69.37581274382315,
        "INVALID": 0.08576329331046312,
        "MALICIOUS": 0,
        "SANE": 0,
        "VALID": 0,
        "total": 100.08046854527693
    }
}