{
    "counter": {
        "ACTIVE": 5553,
        "INACTIVE": 8265,
        "INVALID": 1,
        "MALICIOUS": 0,
        "SANE": 0,
        "VALID": 0,
        "total": 13819
    },
    "percentage": {
        "ACTIVE": 40.19253039953677,
        "INACTIVE": 59.808958680078156,
        "INVALID": 0.08576329331046312,
        "MALICIOUS": 0,
        "SANE": 0,
        "VALID": 0,
        "total": 100.08725237292539
    }
}