{
    "counter": {
        "ACTIVE": 7063,
        "INACTIVE": 12309,
        "INVALID": 1,
        "MALICIOUS": 0,
        "SANE": 0,
        "VALID": 0,
        "total": 19373
    },
    "percentage": {
        "ACTIVE": 36.46548608601373,
        "INACTIVE": 63.53688122644918,
        "INVALID": 0.08576329331046312,
        "MALICIOUS": 0,
        "SANE": 0,
        "VALID": 0,
        "total": 100.08813060577339
    }
}