{
    "counter": {
        "ACTIVE": 3447,
        "INACTIVE": 6338,
        "INVALID": 1,
        "MALICIOUS": 0,
        "SANE": 0,
        "VALID": 0,
        "total": 9786
    },
    "percentage": {
        "ACTIVE": 35.23459061637534,
        "INACTIVE": 64.76599223380339,
        "INVALID": 0.08576329331046312,
        "MALICIOUS": 0,
        "SANE": 0,
        "VALID": 0,
        "total": 100.0863461434892
    }
}