{
    "counter": {
        "ACTIVE": 3489,
        "INACTIVE": 6367,
        "INVALID": 1,
        "MALICIOUS": 0,
        "SANE": 0,
        "VALID": 0,
        "total": 9857
    },
    "percentage": {
        "ACTIVE": 35.39616516181394,
        "INACTIVE": 64.60679857940131,
        "INVALID": 0.08576329331046312,
        "MALICIOUS": 0,
        "SANE": 0,
        "VALID": 0,
        "total": 100.08872703452572
    }
}