{
    "counter": {
        "ACTIVE": 4664,
        "INACTIVE": 7348,
        "INVALID": 1,
        "MALICIOUS": 0,
        "SANE": 0,
        "VALID": 0,
        "total": 12013
    },
    "percentage": {
        "ACTIVE": 38.82460667610089,
        "INACTIVE": 61.172161172161175,
        "INVALID": 0.08576329331046312,
        "MALICIOUS": 0,
        "SANE": 0,
        "VALID": 0,
        "total": 100.08253114157253
    }
}