{
    "counter": {
        "ACTIVE": 6673,
        "INACTIVE": 11330,
        "INVALID": 1,
        "MALICIOUS": 0,
        "SANE": 0,
        "VALID": 0,
        "total": 18004
    },
    "percentage": {
        "ACTIVE": 37.07840195588154,
        "INACTIVE": 62.93045989780049,
        "INVALID": 0.08576329331046312,
        "MALICIOUS": 0,
        "SANE": 0,
        "VALID": 0,
        "total": 100.09462514699248
    }
}