{
    "counter": {
        "ACTIVE": 2753,
        "INACTIVE": 5496,
        "INVALID": 1,
        "MALICIOUS": 0,
        "SANE": 0,
        "VALID": 0,
        "total": 8250
    },
    "percentage": {
        "ACTIVE": 33.38183581908573,
        "INACTIVE": 66.61818181818182,
        "INVALID": 0.08576329331046312,
        "MALICIOUS": 0,
        "SANE": 0,
        "VALID": 0,
        "total": 100.08578093057801
    }
}