{
    "counter": {
        "ACTIVE": 5650,
        "INACTIVE": 8486,
        "INVALID": 1,
        "MALICIOUS": 0,
        "SANE": 0,
        "VALID": 0,
        "total": 14137
    },
    "percentage": {
        "ACTIVE": 39.96887379739672,
        "INACTIVE": 60.02687981891491,
        "INVALID": 0.08576329331046312,
        "MALICIOUS": 0,
        "SANE": 0,
        "VALID": 0,
        "total": 100.08151690962208
    }
}