{
    "counter": {
        "ACTIVE": 8034,
        "INACTIVE": 15666,
        "INVALID": 1,
        "MALICIOUS": 0,
        "SANE": 0,
        "VALID": 0,
        "total": 23701
    },
    "percentage": {
        "ACTIVE": 34.15961562991624,
        "INACTIVE": 66.09847685751656,
        "INVALID": 0.08576329331046312,
        "MALICIOUS": 0,
        "SANE": 0,
        "VALID": 0,
        "total": 100.34385578074327
    }
}