{
    "counter": {
        "ACTIVE": 132,
        "INACTIVE": 334,
        "INVALID": 0,
        "MALICIOUS": 0,
        "SANE": 0,
        "VALID": 0,
        "total": 466
    },
    "percentage": {
        "ACTIVE": 28.63340563991323,
        "INACTIVE": 71.67381974248927,
        "INVALID": 0,
        "MALICIOUS": 0,
        "SANE": 0,
        "VALID": 0,
        "total": 100.3072253824025
    }
}