{
    "counter": {
        "ACTIVE": 3573,
        "INACTIVE": 6430,
        "INVALID": 1,
        "MALICIOUS": 0,
        "SANE": 0,
        "VALID": 0,
        "total": 10004
    },
    "percentage": {
        "ACTIVE": 35.715713714514195,
        "INACTIVE": 64.2935706429357,
        "INVALID": 0.08576329331046312,
        "MALICIOUS": 0,
        "SANE": 0,
        "VALID": 0,
        "total": 100.09504765076036
    }
}