{
    "counter": {
        "ACTIVE": 7916,
        "INACTIVE": 15273,
        "INVALID": 1,
        "MALICIOUS": 0,
        "SANE": 0,
        "VALID": 0,
        "total": 23190
    },
    "percentage": {
        "ACTIVE": 34.14423740510697,
        "INACTIVE": 65.86028460543338,
        "INVALID": 0.08576329331046312,
        "MALICIOUS": 0,
        "SANE": 0,
        "VALID": 0,
        "total": 100.0902853038508
    }
}