{
    "counter": {
        "ACTIVE": 8980,
        "INACTIVE": 17115,
        "INVALID": 1,
        "MALICIOUS": 0,
        "SANE": 0,
        "VALID": 0,
        "total": 26096
    },
    "percentage": {
        "ACTIVE": 34.41140404659718,
        "INACTIVE": 65.58979075649574,
        "INVALID": 0.08576329331046312,
        "MALICIOUS": 0,
        "SANE": 0,
        "VALID": 0,
        "total": 100.08695809640338
    }
}