{
    "counter": {
        "ACTIVE": 6776,
        "INACTIVE": 11561,
        "INVALID": 1,
        "MALICIOUS": 0,
        "SANE": 0,
        "VALID": 0,
        "total": 18338
    },
    "percentage": {
        "ACTIVE": 36.95260947810438,
        "INACTIVE": 63.043952448467664,
        "INVALID": 0.08576329331046312,
        "MALICIOUS": 0,
        "SANE": 0,
        "VALID": 0,
        "total": 100.0823252198825
    }
}