{
    "counter": {
        "ACTIVE": 3232,
        "INACTIVE": 6111,
        "INVALID": 1,
        "MALICIOUS": 0,
        "SANE": 0,
        "VALID": 0,
        "total": 9344
    },
    "percentage": {
        "ACTIVE": 34.603854389721626,
        "INACTIVE": 65.40025684931507,
        "INVALID": 0.08576329331046312,
        "MALICIOUS": 0,
        "SANE": 0,
        "VALID": 0,
        "total": 100.08987453234715
    }
}