{
    "counter": {
        "ACTIVE": 1804,
        "INACTIVE": 4471,
        "INVALID": 1,
        "MALICIOUS": 0,
        "SANE": 0,
        "VALID": 0,
        "total": 6276
    },
    "percentage": {
        "ACTIVE": 28.749003984063744,
        "INACTIVE": 71.23964308476737,
        "INVALID": 0.08576329331046312,
        "MALICIOUS": 0,
        "SANE": 0,
        "VALID": 0,
        "total": 100.07441036214158
    }
}